{
	"name": "DestinationDataset_DLGen1_accorinvest",
	"properties": {
		"linkedServiceName": {
			"referenceName": "AzureDataLakeStorageGen1",
			"type": "LinkedServiceReference"
		},
		"parameters": {
			"cw_fileName": {
				"type": "string"
			}
		},
		"annotations": [],
		"type": "DelimitedText",
		"typeProperties": {
			"location": {
				"type": "AzureDataLakeStoreLocation",
				"fileName": {
					"value": "@dataset().cw_fileName",
					"type": "Expression"
				},
				"folderPath": "postgresqlcopy_accorinvest"
			},
			"columnDelimiter": ",",
			"escapeChar": "\\",
			"firstRowAsHeader": true,
			"quoteChar": "\""
		},
		"schema": []
	},
	"type": "Microsoft.DataFactory/factories/datasets"
}